placa;km;km_troca_oleo;renavam;chassi;ano_fabricacao;ano_modelo;IdCliente;modelo;montadora
JGT5859;;;;8AFCZZFFC4J332737;2003;;45215;FOCUS;ford
DHZ0939;;;;9BGRY48X05G116484;2004;;45205;CELTA;chevrolet
DNW1547;;;;9BWCA05X75T059672;2004;;45011;GOL;volkswagen
EKQ0I56;;;;8AFFZZFHA9J299065;2009;;44951;FOCUS;ford
EKT5498;;;;9BWAA05W2AP047818;2009;;45094;GOL;volkswagen
FJU9853;;;;*****49954;2022;;45075;SAVEIRO;volkswagen
SJI6G79;;;;*****58983;2024;;45293;CRONOS;fiat
DUT5G90;;;;;;;45170;CORSA;chevrolet
EDP4F25;;;;9BGTR48C09B274725;2009;;45572;ASTRA;chevrolet
FHY2B63;;;;9BWAA05U1EP098585;2013;;45571;GOL;volkswagen
COH5922;;;;9BGJK19BWVB503446;1997;;45570;VECTRA;chevrolet
CGH1G87;;;;9BWZZZ377TT141195;1996;;45569;GOL;volkswagen
EVH8951;;;;9BGXH68X0CC176702;2011;;45568;CORSA;chevrolet
DZW6748;;;;9BD17140G85291487;2008;;45567;PALIO;fiat
EKW7088;;;;9BGCA80X0DB303987;2013;;45566;MONTANA;chevrolet
TKD1D40;;;;*****11821;2024;;45565;CIVIC;honda
GWZ6953;;;;9BD15802534443486;2002;;45564;UNO;fiat
NEV2924;;;;9BWAB45Z2C4135402;2012;;45563;FOX;volkswagen
DTY4B66;;;;9BGTR48W07B224775;2007;;45562;ASTRA;chevrolet
CXJ7666;;;;9BR53AEB215521714;2000;;45561;COROLLA;toyota
DAW0516;;;;9BG244RNKJC002310;1988;;45560;CHEVROLET;GM
EAJ5748;;;;9BFZF10A488234486;2008;;45559;FIESTA;ford
EMR2B65;;;;9BGPB69M0CB333952;2012;;45558;CRUZE;chevrolet
CLB1035;;;;9BWZZZ377VT191873;1997;;45557;GOL;volkswagen
SCB4I82;;;;*****14814;2023;;45556;TIGGO8;caoa chery
QMU7H25;;;;9BGKL48U0JB155839;2017;;45555;ONIX;chevrolet
EVY4C54;;;;9BD1105BDC1552252;2012;;45554;LINEA;fiat
FNS9379;;;;9BFZB55P9E8928506;2014;;45553;ECOSPORT;ford
AQU5792;;;;935FCN6A89B522670;2008;;45552;C3;citroën
DTT1J02;;;;9BD15802774895228;2006;;45551;UNO;fiat
FWS7830;;;;9BWAG4121FT567127;2014;;45550;UP;volkswagen
COI0517;;;;9BWZZZ331VP019210;1997;;45549;QUANTUM;volkswagen
FLQ2003;;;;9BFZF12C638011048;2002;;45548;FIESTA;ford
GGG7657;;;;8AGBB69S0HR115021;2016;;45547;CRUZE;chevrolet
RMM7H52;;;;9BD341ACXMY722345;2021;;45546;MOBI;fiat
EEJ5F88;;;;93HGE67409Z118565;2009;;45545;FIT;honda
DUG4313;;;;9BGRX48907G147120;2006;;45544;CELTA;chevrolet
BGA4D70;;;;XTA212100M0827088;1990;;45543;NIVA;lada
DLL3A91;;;;9BGTT48B03B179631;2003;;45542;ASTRA;chevrolet
DIS3J79;;;;9BWAH5BZ9LP090899;2019;;45541;POLO;volkswagen
KXT0472;;;;9BWCA05W17T111100;2007;;45540;GOL;volkswagen
QON3869;;;;93Y5SRFH4KJ439131;2018;;45539;SANDERO;renault
EFW8056;;;;;;;45538;SANDERO;renault
DIT7F88;;;;;;;45537;ASTRA;chevrolet
EVZ3B66;;;;9BFZF55A7C8246401;2011;;45536;FIESTA;ford
GCK3A25;;;;9BGJE6920HB178303;2017;;45535;COBALT;chevrolet
DFZ8143;;;;9BWCB05X73T082444;2002;;45534;GOL;volkswagen
JHP5347;;;;9BWAB01JX94004607;2008;;45533;GOLF;volkswagen
ASQ0071;;;;9BD15802AB6470344;2010;;45532;UNO;fiat
CKE9719;;;;9BD178226W0710121;1998;;45531;PALIO;fiat
FSI7680;;;;8AJFX29G5E6606138;2014;;45530;HILUX;toyota
FNG2D83;;;;93ZL68C01F8464696;2015;;45529;CITYCLASS;iveco
EAC5G24;;;;9BWMF07XX9P002934;2008;;45528;KOMBI;volkswagen
EAC5G24;;;;9BWMF07XX9P002934;2008;;45528;KOMBI;volkswagen
FBB8405;;;;8BCLDRFJVBG560587;2011;;45527;C4;citroën
PYJ7B28;;;;9BHBG51CAHP673620;2016;;45526;HB20;hyundai
DDZ4H38;;;;9BGSC19Z02B103539;2001;;45523;CORSA;chevrolet
DNK2241;;;;9BFZF10B658253996;2004;;45522;FIESTA;ford
DNK2241;;;;9BFZF10B658253996;2004;;45522;FIESTA;ford
EVY4015;;;;9BGSU19F0CB186686;2011;;45521;CLASSIC;chevrolet
HTN4715;;;;9BD15802AA6431266;2010;;45519;UNO;fiat
EAZ4I43;;;;9BWAA05W99P112577;2009;;45518;GOL;volkswagen
EAC9H80;;;;9BGXL80809B123931;2008;;45517;MONTANA;chevrolet
CTD9G41;;;;9BGSC19Z0YC209923;2000;;45515;CORSA;chevrolet
OXE2B83;;;;9BHBG51CAEP253580;2014;;45514;HB20;hyundai
EGO6308;;;;9BGXM68809B212028;2008;;45513;CORSA;chevrolet
BPP6114;;;;9BGSC08WTSC644000;1995;;45512;CORSA;chevrolet
EKT9B64;;;;9BGTR48C0AB224599;2009;;45511;ASTRA;chevrolet
DUH2A05;;;;;;;45509;FOCUS;ford
FHY9F56;;;;9BWAA05UXEP503505;2013;;45507;GOL;volkswagen
CYX3916;;;;9BFBRZFHA3B436945;2003;;45506;FIESTA;ford
DPL1C10;;;;9BD15822554636567;2004;;45504;UNO;fiat
CXF2992;;;;9BWZZZ373XP025470;1999;;45503;GOL;volkswagen
CXF2992;;;;9BWZZZ373XP025470;1999;;45503;GOL;volkswagen
DFH3C80;;;;9BG244DK01C709225;2001;;45502;SILVERADO;chevrolet
DUK0J28;;;;9BGTU75W07C152844;2006;;45501;ZAFIRA;chevrolet
CXF3A87;;;;;;;45499;CORSA;chevrolet
DFW0810;;;;9BGXL68005C262874;2005;;45498;CORSA;chevrolet
EDE5211;;;;;;;45497;CONSTELLATION CAMINH;
NCO3543;;;;9BGRZ08X05G172776;2005;;45496;CELTA;chevrolet
EKT4H40;;;;8AD3CN6BTAG008815;2009;;45495;307;
BNJ4224;;;;9BWZZZ30ZRT091368;1994;;45494;GOL;volkswagen
EVX3A14;;;;8AFTZZFFCDJ050125;2012;;45493;FOCUS;ford
DNW3A18;;;;9BWCB05W06P088896;2006;;45492;GOL;volkswagen
EYU6286;;;;9BGCA80X0CB181226;2011;;45491;MONTANA;chevrolet
BNA9949;;;;9BD146000P5037135;1993;;45490;UNO;fiat
BNA9949;;;;;;;45490;UNO;fiat
FYB6J95;;;;8AFSZZFHCFJ304561;2014;;45489;FOCUS;ford
FUU4717;;;;9C6SG3310H0007093;2016;;45488;NMAX;yamaha
DWD2635;;;;9BFZF10A688224655;2008;;45487;FIESTA;ford
EGD2J00;;;;93HGD18408Z207641;2008;;45486;FIT;honda
OGD7B77;;;;9BD197134E3117574;2013;;45478;SIENA;fiat
EPH7753;;;;9BFZF55A6B8066325;2010;;45451;FIESTA;ford
JKD6831;;;;9BD27803MC7540270;2012;;45450;STRADA;fiat
DLL9J75;;;;9BWCA05X33T200833;2003;;45449;GOL;volkswagen
FWE5D95;;;;8AP359A73LU079373;2019;;45448;CRONOS;fiat
DEU6B13;;;;93YRHAMH7KJ891680;2019;;45447;CAPTUR;renault
DRQ8F45;;;;9BD15822764758067;2005;;45446;UNO;fiat
EKT5612;;;;9BGTR48C0AB168641;2009;;45445;ASTRA;chevrolet
IVO6B82;;;;9BFZF55P2E8104142;2014;;45444;FIESTA;ford
EIL2C29;;;;9362VN6AXBB027671;2010;;45443;HOGGAR;peugeot
DGC3I15;;;;9BWEB05XX3P020683;2002;;45441;SAVEIRO;volkswagen
DFJ5906;;;;9BWAA05U1AT156597;2009;;45440;GOL;volkswagen
EAF6245;;;;8AGSA19908R183403;2008;;45439;CLASSIC;chevrolet
CTB2103;;;;9BGSC68N0YC170197;2000;;45438;CORSA;chevrolet
BKM5629;;;;9BWZZZ377ST030471;1995;;45437;GOL;volkswagen
FVM4130;;;;9BRK29BT5F0044270;2014;;45436;ETIOS;toyota
EVZ0889;;;;9BFZK53A5BB310189;2011;;45435;KA;ford
KFB0011;;;;9BGTB08BXWB302920;1998;;45434;ASTRA;chevrolet
EFI9980;;;;9BGKS48U0KG397019;2019;;45433;ONIX;chevrolet
EQN0H75;;;;8AFTZZFHCBJ380537;2010;;45432;FOCUS;ford
DQH3E74;;;;9BWKA05Z56P001728;2005;;45431;FOX;volkswagen
AAA2222;;;;;;;45430;VOYAGE;volkswagen
CUA7026;;;;9BM384067AB724810;2010;;45428;MPOLO SENIOR ON;volkswagen
ABC1234;;;;9BWZZZ32ZGP246344;1986;;45427;SANTANA;volkswagen
CAZ6404;;;;;;;45426;CORSA;chevrolet
GJQ5C14;;;;*****71365;2022;;45425;STRADA;fiat
RUA5G38;;;;*****53187;2022;;45425;S10;gmc
RUA5G38;;;;*****53187;2022;;45425;S10;gmc
RUA5G38;;;;*****53187;2022;;45425;S10;gmc
RUA5G38;;;;*****53187;2022;;45425;S10;gmc
TLV2C12;;;;;;;45425;SAVEIRO;volkswagen
EVT6801;;;;9BWAA05UXCT188306;2012;;45424;GOL;volkswagen
DKP3511;;;;9BFZF10B148167039;2003;;45423;FIESTA;ford
EPX0478;;;;9BGSU19F0BB115151;2010;;45422;CLASSIC;chevrolet
QKE3F12;;;;WV1DB42H7GA028619;2015;;45421;AMAROK;volkswagen
AAA1111;;;;9BWZZZ32ZLP001191;1990;;45420;SANTANA;volkswagen
GAL5C16;;;;*****74343;2022;;45419;STRADA;fiat
SIO3G22;;;;*****69670;2024;;45393;ONIX;chevrolet
SIO3G22;;;;*****69670;2024;;45393;ONIX;chevrolet
GCS7F44;;;;*****92222;2023;;45384;1500;
SUP9G61;;;;*****18503;2024;;45384;3500;
TKD8C23;;;;*****90050;2025;;45384;RAMPAGE;ram
FNF0941;;;;9BD15802AD6897184;2013;;45346;UNO;fiat
QXV2B45;;;;9BD195A4ZL0884510;2020;;45318;UNO;fiat
EVI2H72;;;;*****67675;2024;;45293;MASTER;envemo
SJI6G79;;;;*****58983;2024;;45293;CRONOS;fiat
EIV0F03;;;;9BFZE55P5C8690139;2011;;45284;ECOSPORT;ford
GAA3907;;;;9BMTG4DW5HM001663;2017;;45276;GLA200FF;mercedes-benz
RVS9B48;;;;*****84892;2023;;45275;KWID;renault
DIX1832;;;;9BWDB05X65T049717;2004;;45274;PARATI;volkswagen
GCC7J53;;;;;;;45273;FIT;honda
DDZ9773;;;;9BWAB41J824032533;2001;;45272;GOLF;volkswagen
DTT6571;;;;9BFZF10A678042646;2006;;45271;FIESTA;ford
CTU4E55;;;;9BFFF25L0XD009474;1999;;45270;F-250;ford
FWV5559;;;;8BCNDRFJYEG543678;2014;;45269;C4L;citroën
CYR3C85;;;;9BWCA05X22T074009;2001;;45268;GOL;volkswagen
AQV2J82;;;;93HFA66808Z253596;2008;;45267;CIVIC;honda
JIA0H41;;;;3N1BC1ASXBL366014;2010;;45266;TIIDA;nissan
NRU3J33;;;;9BGXH68X0CC196149;2012;;45265;CORSA;chevrolet
EDM9B56;;;;9BD195162B0089921;2010;;45264;UNO;fiat
CIX3474;;;;9BWZZZ30ZHT082492;1987;;45263;GOL;volkswagen
SHU1C17;;;;*****20497;2023;;45262;TORO;fiat
JQW9F02;;;;9BWEB05W98P071106;2007;;45261;SAVEIRO;volkswagen
FJC0J90;;;;9BD265122F9027454;2014;;45260;FIORINO;fiat
FGW7610;;;;9BFZH55L0F8237653;2015;;45259;KA;ford
DVO8537;;;;9BFZF26P788121665;2007;;45258;FIESTA;ford
DKA3E72;;;;9BD17164G95347148;2008;;45257;PALIO;fiat
FVQ2I85;;;;93HFC2620LZ104158;2019;;45256;CIVIC;honda
GDO9I28;;;;9BWAG45U1JT070664;2017;;45255;GOL;volkswagen
NHD4305;;;;9BWCA05W87T109490;2007;;45254;GOL;volkswagen
CXF0309;;;;9BWZZZ30ZJT128358;1988;;45253;GOL;volkswagen
ETG6225;;;;9BWAA05W0BP056356;2010;;45252;GOL;volkswagen
DBZ6368;;;;9BWCA15X1YT240129;2000;;45251;GOL;volkswagen
DQS7583;;;;93YBB8B157J817167;2006;;45250;CLIO;renault
TKU6J86;;;;;;;45249;HB20;hyundai
QOJ7C58;;;;94DFFUK13KB100803;2018;;45247;MARCH;nissan
ENF7706;;;;8AWPB05Z4AA023544;2009;;45246;SPACEFOX;volkswagen
FKT1445;;;;9BD15802AD6835536;2013;;45245;UNO;fiat
DIL9772;;;;;;;45243;ASTRA;chevrolet
DTT7185;;;;9BR53ZEC278662769;2006;;45242;COROLLA;toyota
FDK3F04;;;;3FAKP4BK5CM188239;2012;;45241;FIESTA;ford
HNX7B38;;;;9BFZF54P8C8201604;2011;;45240;FIESTA;ford
EGH5H43;;;;9BFZF55A198443055;2009;;45239;FIESTA;ford
FDK1H14;;;;9BFZK53A9CB385480;2012;;45238;KA;ford
FNR3B48;;;;9BFZB55P8E8914077;2013;;45236;ECOSPORT;ford
GHN1448;;;;9BFZH55L6J8103934;2018;;45235;KA;ford
DJC4F31;;;;9BVA4CMA44E703682;2004;;45234;FH12;volvo
RBW9G97;;;;*****45957;2022;;45233;TRITON;mitsubishi
FDT7304;;;;9BWAA05WXEP062959;2013;;45231;GOL;volkswagen
DWS6222;;;;9BD13531672058564;2007;;45230;IDEA;fiat
BJC6132;;;;9BD14600003117530;1986;;45229;UNO;fiat
ERP4160;;;;9BWAA05U9BT092665;2010;;45228;GOL;volkswagen
EDV4G68;;;;9BGSA19908B314473;2008;;45226;CLASSIC;chevrolet
GAT7I37;;;;9BGKD48U0LB162530;2019;;45225;ONIX;chevrolet
FAF2324;;;;9BGKL48U0JB276355;2018;;45224;ONIX;chevrolet
JHG3G57;;;;3N1AB61D18L602703;2007;;45223;SENTRA;nissan
DHZ1563;;;;9BGRD08X03G136977;2002;;45221;CELTA;chevrolet
DDZ0987;;;;9BWCA05XX1P058390;2001;;45220;GOL;volkswagen
DUD1068;;;;9BWKA05Z974080775;2006;;45219;FOX;volkswagen
BJM8C49;;;;9BWCA05Y25T027222;2004;;45218;GOL;volkswagen
CID1G47;;;;93HGK5880JZ128878;2018;;45217;FIT;honda
CWP4D28;;;;9BGSC68Z0XC707771;1999;;45216;CORSA;chevrolet
SVY3H08;;;;*****20010;2025;;45213;POLO;volkswagen
FTK9D10;;;;KNAMH817BF6577691;2014;;45212;CARNIVAL;kia
FLF2I50;;;;8AFUZZFHCDJ106340;2013;;45211;FOCUS;ford
FPC1G14;;;;9BWDJ5161GP001714;2016;;45210;JETTA;volkswagen
TEJ6C39;;;;;;;45208;ONIX;chevrolet
DKS2F57;;;;9BGXF75004C201418;2004;;45207;MERIVA;chevrolet
DAW7E76;;;;9BFBDZFHAYB327289;2000;;45204;FIESTA;ford
GJK1199;;;;WDBWK4FW9AF223139;2009;;45203;SLK;mercedes-benz
NXY3B18;;;;9BD195102C0326357;2012;;45202;UNO;fiat
HMO0454;;;;9BWDA05U0AT134829;2009;;45201;VOYAGE;volkswagen
FAD3A01;;;;95PJN81BPCB030284;2011;;45200;TUCSON;hyundai
EPD4H35;;;;9BFZF55P6B8100252;2010;;45199;FIESTA;ford
ETM9J13;;;;9BFZF55A8D8393201;2012;;45198;FIESTA;ford
EGR0572;;;;93YBSR0RH9J144165;2008;;45197;SANDERO;renault
EAU1J50;;;;9BGAD69W08B186463;2007;;45196;VECTRA;chevrolet
BYP3H43;;;;*****20604;2023;;45195;S10;gmc
DFL7H49;;;;9BGTR48W07B109963;2006;;45194;ASTRA;chevrolet
DDZ7118;;;;9BGSC19Z02B125159;2001;;45193;CORSA;chevrolet
BSQ5474;;;;BT256971;1979;;45191;PASSAT;volkswagen
CHF8126;;;;9BFZZZFHAVB114784;1997;;45190;FIESTA;ford
DUU8217;;;;9BD17104G82923282;2007;;45187;PALIO;fiat
DUU8217;;;;9BD17104G82923282;2007;;45187;PALIO;fiat
FBR0G75;;;;LJ12EKP12F4601928;2014;;45186;J2;jac
TDD1G69;;;;*****21416;2025;;45183;S10;gmc
GCQ0308;;;;9BWAB45Z7K4011950;2018;;45182;FOX;volkswagen
CEU3746;;;;9BGSJ19NTTC746118;1996;;45181;CORSA;chevrolet
GHO9679;;;;;;;45180;FOX;volkswagen
CNY4H33;;;;;;;45179;GOL;volkswagen
DDZ9204;;;;;;;45177;GOL;volkswagen
ETG8394;;;;9BWAA05U9BP158995;2011;;45175;GOL;volkswagen
DQW9245;;;;9BWEB05W46P045879;2006;;45174;SAVEIRO;volkswagen
EGJ3242;;;;9BGXD75N0AC199836;2010;;45173;MERIVA;chevrolet
QPN3H41;;;;9BGKS69V0KG219095;2018;;45172;PRISMA;chevrolet
EYQ3A84;;;;8AGCN48X0BR234634;2011;;45171;AGILE;chevrolet
SVW2J18;;;;*****12391;2025;;45169;SAVEIRO;volkswagen
EPH5766;;;;9BGRZ08F0AG300476;2010;;45168;CELTA;chevrolet
NXW2D60;;;;9BWAB09N7BP007900;2010;;45167;POLO;volkswagen
COD3G37;;;;9BWZZZ308VP025020;1997;;45166;SAVEIRO;volkswagen
CWC2266;;;;93XJNK340YCX03157;1999;;45165;L200;mitsubishi
OQO5330;;;;8AJFY22G7D8009311;2013;;45164;HILUX;toyota
EAX5470;;;;9BGXM19808B268345;2008;;45162;CORSA;chevrolet
CIM1240;;;;9BD178226V0248621;1997;;45161;PALIO;fiat
DWS6222;;;;9BD13531672058564;2007;;45159;IDEA;fiat
DDZ2043;;;;9BD17140212064466;2001;;45158;PALIO;fiat
DBE6E18;;;;9BD15828814166879;2000;;45156;UNO;fiat
DUK6J93;;;;9BWCA05W98P000062;2007;;45155;GOL;volkswagen
EYH4D74;;;;8AJYZ59G5B3054903;2011;;45154;HILUXSW4;toyota
EYH4D74;;;;8AJYZ59G5B3054903;2011;;45154;HILUXSW4;toyota
EEX3193;;;;935CHN6A49B517197;2008;;45151;PICASSO;citroën
ETG9D25;;;;9BWAA05Z4B4082616;2010;;45150;FOX;volkswagen
CYL5881;;;;9BGSA19E05B122400;2004;;45148;CLASSIC;chevrolet
EUD6H86;;;;9BD195162B0083366;2010;;45145;UNO;fiat
FTR0541;;;;9BD17144LF5934627;2014;;45144;PALIO;fiat
GAZ0G88;;;;9BFZH55L6G8305052;2015;;45144;KA;ford
GAD9H66;;;;8AGBB68S0HR133270;2016;;45144;CRUZE;chevrolet
BJP0G97;;;;3VVHJ65N3JM132015;2018;;45144;TIGUAN;volkswagen
FBG2J51;;;;*****06590;2023;;45144;FASTBACK;fiat
FHO9G02;;;;*****16790;2024;;45144;KICKS;nissan
BSX0B51;;;;*****95971;2025;;45144;COMPASS;jeep
CPG0G42;;;;*****00781;2025;;45144;NIVUS;volkswagen
UFF3J15;;;;;;;45144;JAECOO;JAECOO
DNW3987;;;;9BGXL19606C219364;2006;;45143;CORSA;chevrolet
EGD1112;;;;8AWPB05Z09A300668;2008;;45142;SPACEFOX;volkswagen
EEF5D79;;;;9BD17308TA4278576;2009;;45140;PALIO;fiat
DNW4584;;;;9BWCA05W46T158247;2006;;45139;GOL;volkswagen
BJK8400;;;;9BGSC08WTSC661737;1995;;45137;CORSA;chevrolet
ETG7399;;;;9BFZK53A0BB277182;2010;;45135;KA;ford
EKP8940;;;;9BGRZ4810AG204970;2009;;45134;CELTA;chevrolet
PWV4J40;;;;9BRBDWHE6G0291316;2015;;45133;COROLLA;toyota
GEG4F37;;;;*****64136;2022;;45133;YARIS;toyota
GAU2I63;;;;*****07843;2024;;45133;CCROSS;suzuki
GIS5F52;;;;;;;45133;RAV4;toyota
EWR5031;;;;9BGRP48F0CG254331;2011;;45132;CELTA;chevrolet
KDS8239;;;;9BWZZZ373YT087540;1999;;45131;GOL;volkswagen
EAX5834;;;;9BGXH68808B289452;2008;;45130;CORSA;chevrolet
TEZ2F04;;;;;2024;;45129;ONIX;chevrolet
GAY2C17;;;;*****18855;2023;;45127;CROSS HL SI;suzuki
EVX3066;;;;9BWAB05U4CT028998;2011;;45126;GOL;volkswagen
DNB5F82;;;;9BWDC05X45T176494;2005;;45124;PARATI;volkswagen
AGV7523;;;;8AFZZZ54BTJ015225;1996;;45123;VERONA;ford
DNW6C04;;;;9BGXH75G06C199771;2006;;45121;MERIVA;chevrolet
SYD4E82;;;;*****13260;2024;;45120;SAVEIRO;volkswagen
CAH5337;;;;9BFZZZ54ZLB069428;1990;;45118;ESCORT;ford
GIO9130;;;;9BWAG4120HT505768;2016;;45117;UP;volkswagen
CYL3C98;;;;9BWKB05Z764112201;2005;;45116;FOX;volkswagen
JHS5D77;;;;9BWKB05W99P059509;2008;;45114;SAVEIRO;volkswagen
OES2J73;;;;WV1DD42H0DA055795;2013;;45111;AMAROK;volkswagen
DCC4D87;;;;9BWCB05X31T008807;2000;;45110;GOL;volkswagen
EWQ0E24;;;;953658262DR325547;2013;;45109;26280;
RTX7E79;;;;;;;45107;STRADA;fiat
EAP9G21;;;;9BWDB05U29T225545;2009;;45103;VOYAGE;volkswagen
PAO2661;;;;988611152GK055613;2016;;45102;RENEGADE;jeep
AID1652;;;;9BWZZZ373WT161764;1998;;45100;GOL;volkswagen
DXP1059;;;;9BGRZ48907G239365;2007;;45099;CELTA;chevrolet
FDJ4C13;;;;9BFZF55P6D8389832;2012;;45097;FIESTA;ford
FZV2009;;;;935CHN6A49B520374;2008;;45093;PICASSO;citroën
DDZ4119;;;;;;;45092;GOL G3 =..;volkswagen
EID4558;;;;9BFZK53A29B119615;2009;;45090;KA;ford
EML4J01;;;;9BFZH55L0L8382090;2019;;45089;KA;ford
DCB6588;;;;9BFBSZFDA1B391461;2001;;45088;FIESTA;ford
EIT8D26;;;;9BGSU19F0BB295842;2011;;45087;CLASSIC;chevrolet
EIT8D26;;;;9BGSU19F0BB295842;2011;;45087;CLASSIC;chevrolet
MXB9E29;;;;*****56933;2024;;45085;208;
PKO1A08;;;;JTDKB3FU1G3541887;2016;;45084;PRIUS;toyota
STT3H14;;;;*****84691;2024;;45083;COROLLA;toyota
GGG4J40;;;;9BFZH55LXG8327071;2016;;45081;KA;ford
EXT0G82;;;;9BGCA80X0CB193770;2011;;45080;MONTANA;chevrolet
CXF3570;;;;9BFZZZ54ZKB042255;1989;;45079;ESCORT;ford
CFO1B82;;;;9BGSC08ZVTB601137;1996;;45077;CORSA;chevrolet
FXH6871;;;;9BWDB45U1JT095303;2017;;45074;VOYAGE;volkswagen
SWZ8E03;;;;*****06453;2025;;45074;VIRTUS;volkswagen
GHZ0A64;;;;9BFZH55L0J8150439;2018;;45071;KA;ford
FRO1A07;;;;9BWLB05U5AP128817;2010;;45070;SAVEIRO;volkswagen
FBX3C68;;;;9BFZK53A7CB346077;2011;;45068;KA;ford
EMQ0D49;;;;8AP17206LB2169453;2010;;45066;SIENA;fiat
DHZ2G94;;;;9BGRD08X03G168373;2003;;45065;CELTA;chevrolet
AXS4327;;;;9BFZF55A5E8062545;2013;;45063;FIESTA;ford
BUL3771;;;;9BFZZZ54ZSB731673;1995;;45062;ESCORT;ford
FSP3148;;;;9BD372171E4049668;2014;;45061;SIENA;fiat
KQQ5I81;;;;9BHBG51CAFP303207;2014;;45060;HB20;hyundai
CAM3073;;;;9BFDXXLB1DFD87549;1985;;45058;BELINA;ford
DCY4G67;;;;9BD17164LA5391149;2009;;45057;PALIO;fiat
DDZ4767;;;;9BGRD08Z02G116752;2001;;45056;CELTA;chevrolet
ALZ9987;;;;9BD17146752496305;2004;;45055;PALIO;fiat
CQK8378;;;;9BWZZZ373WT102714;1998;;45054;GOL;volkswagen
CVE6200;;;;9BFBSZFHAYB315697;2000;;45053;FIESTA;ford
DTT9D69;;;;8AFFZZFFC8J075071;2007;;45052;FOCUS;ford
DRE4467;;;;9BGRX48J05G177383;2005;;45051;CELTA;chevrolet
DMD5W52;;;;;;;45050;FOX;volkswagen
KPH3J64;;;;9BD197132D3071486;2013;;45049;SIENA;fiat
DBO6355;;;;9BFBSZGDAYB694092;2000;;45048;KA;ford
DKB3304;;;;93YJA00254J445349;2003;;45047;SCENIC;renault
DWA5398;;;;9BGRX08908G261672;2008;;45046;CELTA;chevrolet
DMN3F11;;;;9BWCC05W97T115471;2007;;45045;GOL;volkswagen
ARG3373;;;;9BD27803M97155345;2009;;45044;STRADA;fiat
EKW7G10;;;;9BGSU19F0CC215092;2012;;45043;CLASSIC;chevrolet
DSO9J95;;;;9BWCB05WX7T106877;2007;;45042;GOL;volkswagen
FQD9A49;;;;9BGJR75Z0EB294135;2014;;45041;SPIN;chevrolet
EVK0J22;;;;9BRBL42E9C4708334;2011;;45040;COROLLA;toyota
EKT8B37;;;;93HFA6630AZ220112;2009;;45039;CIVIC;honda
DRT5723;;;;9BD17103G62650692;2005;;45033;PALIO;fiat
GDW6C30;;;;93HFC2640HZ123680;2017;;45032;CIVIC;honda
DON2D85;;;;9BWKA05Z754019051;2004;;45031;FOX;volkswagen
QOS7C57;;;;9BFZH54J3J8194953;2018;;45030;KA;ford
DVS7F72;;;;93W245G3382022172;2007;;45028;DUCATO;fiat
CTD9656;;;;9BFFF25L9YD037842;2000;;45027;F-250;ford
FDT7710;;;;9BSP4X200D3835710;2013;;45027;P;
BOR9D49;;;;9BMWF4AW9KM013875;2019;;45023;C180FF;mercedes-benz
FQQ3C41;;;;9BD119409E1115530;2014;;45021;DOBLO;fiat
EZK1A76;;;;9BFZF55A3C8268136;2011;;45020;FIESTA;ford
DIK6A85;;;;9BGTT69B02B177261;2002;;45019;ASTRA;chevrolet
QPP5G39;;;;9BFWEA7B9KBS47202;2018;;45018;CARGO;changan
QPP5G39;;;;9BFWEA7B9KBS47202;2018;;45018;CARGO;changan
DSW0468;;;;9BGRZ08907G162945;2006;;45016;CELTA;chevrolet
DSP1666;;;;9BD19240R63047671;2006;;45014;STILO;fiat
FPD0806;;;;*****80585;2016;;45013;NOVO PALIO;fiat
ETK2457;;;;3CZRE1830AG509244;2010;;45012;CR-V;honda
EYH5675;;;;9BWLB05U5CP183593;2012;;45010;SAVEIRO;volkswagen
DCV9630;;;;9BR53AEB215525972;2000;;45008;COROLLA;toyota
FWK2044;;;;935SLNFNUJB507255;2017;;45005;C3;citroën
EAA6J45;;;;9BWAA05W4AP054432;2009;;45002;GOL G3;volkswagen
SQZ8I15;;;;*****77428;2024;;44999;CCROSS;suzuki
QSZ0I04;;;;;;;44999;COROLLA;toyota
FPY2510;;;;9BHBG51CAGP576296;2016;;44998;HB20;hyundai
MBY5729;;;;9BWCA05X91P036428;2000;;44997;GOL;volkswagen
MFS3F36;;;;9BD17164G95345791;2008;;44991;PALIO;fiat
RUT9G98;;;;*****17823;2022;;44990;CRONOS;fiat
FRS7D89;;;;9BD17102LE5912874;2014;;44989;PALIO;fiat
KQP7I09;;;;9BD17102LF5957050;2014;;44989;PALIO;fiat
FWC1947;;;;9BD17102ZG7553442;2015;;44989;PALIO;fiat
GDU5C13;;;;;;;44987;FOX MSI;volkswagen
EJJ0I07;;;;9BRBB48E2A5081977;2009;;44986;COROLLA;toyota
EVJ9F46;;;;9BFZF54P3B8191238;2011;;44984;FIESTA;ford
LLI2519;;;;9BM384078BB753368;2010;;44983;INDUSCAR;
KPS9E83;;;;;;;44983;ONIBUS B7R;
FAI9117;;;;93HFB9640EZ167714;2014;;44981;CIVIC;honda
EVT4D69;;;;9BD15822AC6589479;2011;;44980;UNO;fiat
EGJ3901;;;;936ZCXMNCB2073211;2011;;44978;BOXER;peugeot
ENR9C71;;;;9BD17164LA5607639;2010;;44977;PALIO;fiat
NLV4C44;;;;9BGRM69809G123647;2008;;44974;PRISMA;chevrolet
BBA3344;;;;9BVAN60A25E711981;2005;;44972;FH12;volvo
AJA7917;;;;9BGSD1940YC134340;1999;;44968;CORSA;chevrolet
CXQ3J80;;;;8AP178096W4105673;1998;;44967;PALIO;fiat
QNH6J63;;;;9BD2651JHJ9094461;2017;;44965;FIORINO;fiat
EEG7577;;;;YV1DZ995692024760;2009;;44963;XC60;volvo
EGD3398;;;;9BWAA05Z594118761;2009;;44960;FOX;volkswagen
CNX1I36;;;;BJ835513;1979;;44958;FUSCA 1300;volkswagen
FFF1I52;;;;93HFB2630EZ154675;2013;;44958;NEW CIVIC;honda
EYK2I64;;;;9BD372111C4007693;2011;;44954;SIENA;fiat
EEU1B89;;;;8AWPB05Z39A304441;2008;;44952;SPACEFOX;volkswagen
EEU1B89;;;;8AWPB05Z39A304441;2008;;44952;SPACEFOX;volkswagen
CYF9E50;;;;9BG124CW0XC928915;1999;;44950;S10;gmc
BYQ4J29;;;;9BGJD7520LB151679;2019;;44949;SPIN;chevrolet
EAP7B56;;;;9BGSA19908B303864;2008;;44944;CLASSIC;chevrolet
AAC1478;;;;9BGKW08YLLC331827;1990;;44941;KADETT;chevrolet
ELS5078;;;;9BD17164LA5529123;2009;;44938;PALIO;fiat
AAA4444;;;;9BGVR15HLLB112739;1990;;44937;CARAVAN;chevrolet
EDT9C06;;;;3FAHP08Z68R199378;2008;;44936;FUSION;ford
AAA1111;;;;9BWZZZ32ZLP001191;2010;;44935;SPIN;chevrolet
PXY9J09;;;;9BFZH55L7H8374575;2016;;44934;KA;ford
LPC2459;;;;9BD11812181007531;2007;;44929;PUNTO;fiat
NSY3H30;;;;8AJFZ29G5B6118765;2010;;44924;HILUX;toyota
KVG9562;;;;9BM384067AB719930;2010;;44922;ONIBUS;
DEE9C14;;;;9BGSC19Z01C277389;2001;;44920;CORSA CLASSIC;chevrolet
BBB2222;;;;LA7NDM68177;2020;;44919;COMPASS;jeep
GJI8F20;;;;9BWAG412XHT516874;2016;;44914;UP;volkswagen
JKA1B34;;;;8AFUZZFHCBJ413773;2011;;44884;FOCUS;ford
DWF2224;;;;9BFVCAC998BB03536;2007;;44869;CARGO;changan
FAH3658;;;;9BWKB05U9CP190512;2012;;44869;SAVEIRO;volkswagen
FVW1F46;;;;93ZK1RMH0F8928370;2014;;44869;MASCA;
FVW1F46;;;;93ZK1RMH0F8928370;2014;;44869;MASCA;
GJI8F20;;;;9BWAG412XHT516874;2016;;44869;UP;volkswagen
FVW8382;;;;9BGCA8030JB153975;2017;;44869;MONTANA;chevrolet
ENE5H76;;;;9BD195A4ZL0881650;2019;;44869;UNO;fiat
EMA0J17;;;;8AJHA3CD3L2098741;2020;;44869;HILUX;toyota
GJK7C55;;;;9BD358A1NMYL18390;2021;;44869;ARGO;fiat
FLC4141;;;;;;;44869;HILUX;toyota
EGH6D70;;;;9BGRZ0810AG215551;2009;;44862;CELTA;chevrolet
EGE3069;;;;93HGE88709Z103584;2009;;44862;FIT;honda
FHN3694;;;;9BGKS48B0DG208261;2012;;44862;ONIX;chevrolet
FFU3802;;;;9BFZF54P3D8410928;2012;;44862;FIESTA;ford
OQL7F54;;;;9BD195152E0500105;2013;;44862;UNO;fiat
FJJ5J56;;;;9BHBG51DADP078226;2013;;44862;HB20;hyundai
FQY3B96;;;;9BGKS48L0FG159215;2014;;44862;ONIX;chevrolet
FMU5409;;;;9BD197163F3240901;2014;;44862;SIENA;fiat
FWZ2067;;;;9BGJB75E0FB199811;2015;;44862;SPIN;chevrolet
FVX4B98;;;;93HFB9680GZ204009;2015;;44862;CIVIC;honda
FWU9J03;;;;93HGM6690FZ128206;2015;;44862;CITY;honda
FJF6699;;;;9BWAB45Z7F4060927;2015;;44862;FOX;volkswagen
FDN9A06;;;;9BGPB68N0GB160386;2016;;44862;CRUZE;chevrolet
GAB8469;;;;9BHBG51CAHP673310;2016;;44862;HB20;hyundai
FYZ6285;;;;988675134HKH04294;2016;;44862;COMPASS;jeep
FPM3432;;;;93HRV2850JZ221688;2017;;44862;HR-V;honda
GJE0I18;;;;9BHGC813BJP041995;2017;;44862;CRETA;hyundai
FVG3D09;;;;9BHGC813BJP033963;2017;;44862;CRETA;hyundai
FQX0605;;;;98861110XJK152334;2017;;44862;RENEGADE;jeep
QPN2E15;;;;9BGKL48U0KB150604;2018;;44862;ONIX;chevrolet
FJT2001;;;;93YRBB006KJ657315;2018;;44862;KWID;renault
QQP3C37;;;;9BGKL48U0KB225168;2019;;44862;ONIX;chevrolet
ELI9B33;;;;9BGKS48V0KG422787;2019;;44862;ONIX;chevrolet
BWO4846;;;;93HRV2870KZ122778;2019;;44862;HR-V;honda
FZA5A68;;;;9BRKC9F38L8083343;2019;;44862;YARIS;toyota
FPA4I02;;;;95PACL51DMB005151;2020;;44862;TIGGO7;caoa chery
EXO4J45;;;;9BGEB48H0LG195176;2020;;44862;ONIX;chevrolet
QXK3D64;;;;9BGKL48U0LB186837;2020;;44862;ONIX;chevrolet
FHF3J77;;;;9BHCP51AALP077082;2020;;44862;HB20;hyundai
QXS0A17;;;;93YRBB001MJ391673;2020;;44862;KWID;renault
FXZ9E97;;;;9BRKC9F38M8113958;2020;;44862;YARIS;toyota
DCU8B74;;;;*****86722;2023;;44862;CRETA1TA;hyundai
RVY5B27;;;;*****17700;2023;;44862;RENEGADE;jeep
ERR8H66;;;;*****46008;2023;;44862;KWID;renault
RUC6H91;;;;*****48222;2023;;44862;CCROSS;suzuki
FPJ4C75;;;;*****91359;2023;;44862;CCROSS;suzuki
TKS8E79;;;;*****13165;2024;;44862;CITY;honda
SIS3B33;;;;*****08957;2024;;44862;HB20;hyundai
STM7D28;;;;*****03085;2024;;44862;DUSTER;renault
STM7D28;;;;*****03085;2024;;44862;DUSTER;renault
SSY9D74;;;;*****30042;2025;;44862;SONG;byd
TKM7G17;;;;*****94014;2025;;44862;HB20;hyundai
SVV3E86;;;;*****11327;2025;;44862;POLO;volkswagen
RCM1L98;;;;;;;44862;TIGGO SUV;caoa chery
EGD5A83;;;;9BRB33BE1M2035515;2020;;44644;COROLLA;toyota
FNS8633;;;;9BWAA05W4EP058048;2013;;44617;GOL;volkswagen
PZN8B03;;;;98861115XHK119713;2017;;44522;RENEGADE;jeep
BBB1111;;;;9BWZZZ32ZMP003674;2005;;44441;CIVIC;honda
DSM5A67;;;;9BFZF26P768466255;2006;;44441;FIESTA;ford
DKY0C57;;;;9BFZE16P598997889;2008;;44441;ECOSPORT;ford
EOB1873;;;;93ZA1RGH0D8921358;2012;;44398;TECTOR;iveco
EOB1866;;;;9B9214T64CBDT4457;2012;;44398;R31;
FFA8993;;;;HBZN170BTEAE05690;2014;;44398;NEWHOLLAND;NEWHOLLAND
DQC8976;;;;9BGSK19X05B252138;2005;;44395;CLASSIC;chevrolet
DQC8976;;;;9BGSK19X05B252138;2005;;44395;CLASSIC;chevrolet
ERP4228;;;;3FAHP0JA4AR406781;2010;;44395;FUSION;ford
ISC4H75;;;;9BGCS80X0CB105782;2011;;44395;MONTANA;chevrolet
FKK1D32;;;;9BGCA80X0DB166867;2012;;44395;MONTANA;chevrolet
CYL5197;;;;9BWDA45U1ET035837;2013;;44395;VOYAGE;volkswagen
FTW9C32;;;;9BWAA45U5EP193643;2014;;44395;GOL;volkswagen
PZD2G14;;;;9BGKL48U0HB198881;2017;;44395;ONIX;chevrolet
GBE9D77;;;;9BWDB45U4HT102433;2017;;44395;VOYAGE;volkswagen
RMO2C19;;;;9BD195A4ZM0912008;2021;;44395;UNO;fiat
SIX0J76;;;;*****07584;2024;;44395;ARGO;fiat
EVA8J34;;;;*****17719;2024;;44395;KWID;renault
FBQ4G47;;;;;;;44395;KWID;renault
RFN5F15;;;;93YRBB001MJ532998;2020;;44364;KWID;renault
RUX4J13;;;;*****27506;2023;;44364;MOBI;fiat
GJI8F20;;;;9BWAG412XHT516874;2016;;44334;UP;volkswagen
SEO2H41;;;;*****51445;2023;;44226;MONTANA;chevrolet
SEZ0B58;;;;*****93741;2024;;44226;MONTANA;chevrolet
SEZ0B58;;;;*****93741;2024;;44226;MONTANA;chevrolet
SIX0C75;;;;*****35741;2024;;44226;HILUX;toyota
SIT2B40;;;;*****35078;2024;;44226;HILUX;toyota
SIX0C68;;;;*****35696;2024;;44226;HILUX;toyota
SIT2B40;;;;*****35078;2024;;44226;HILUX;toyota
SIX0C70;;;;*****35732;2024;;44226;HILUX;toyota
TBF8I38;;;;*****37496;2025;;44226;TRACKER;chevrolet
TDH4C73;;;;*****59568;2025;;44226;STRADA;fiat
RRR0250;;;;*****06074;;;44226;MONTANA;chevrolet
FND6G34;;;;9BWAA45UXEP125659;2013;;44175;GOL;volkswagen
FBV5A97;;;;93YRBB005KJ402980;2018;;44175;KWID;renault
AFP1F55;;;;9BWEB05X63P018087;2002;;45237;SAVEIRO;volkswagen
